{
  "MAE": 0.021869078178201273,
  "RMSE": 0.026008726068375926,
  "MAPE": 0.7868438641851281,
  "R2": -0.016874592908480368,
  "AIC": -377.1066859884162,
  "BIC": -369.9233385243989
}